<?xml version="1.0" encoding="UTF-8"?>
<!DOCTYPE suite SYSTEM "https://testng.org/testng-1.0.dtd" >

<suite name="Project ESAS" parallel="methods" thread-count="1">
 
    <test name="testdemo">


    <!-- Test Parameters -->
     
    <parameter name="englishUrl" value="https://prtl-tst.agr.gc.ca/bin/aafcLogin?url=/content/prtlframework/en/index.html?"/> 
    <parameter name="frenchUrl" value="https://prtl-tst.agr.gc.ca/bin/aafcLogin?url=/content/prtlframework/fr/index.html?"/>  

    <classes>
       
        <class name="testclasses.EnglishTest"/>
		<class name="testclasses.FrenchTest"/>   
        
    </classes>

    </test>
  
  
  
</suite>
